<?xml version="1.0" encoding="UTF-8"?>
<project-private xmlns="http://www.netbeans.org/ns/project-private/1">
    <editor-bookmarks xmlns="http://www.netbeans.org/ns/editor-bookmarks/2" lastBookmarkId="0"/>
    <open-files xmlns="http://www.netbeans.org/ns/projectui-open-files/2">
        <group>
            <file>file:/D:/EGG/full%20stack/guia%206/clase%205/EjerciciosAprendizajeGuia6/src/ejerciciosaprendizajeguia6/EjerciciosAprendizajeGuia6.java</file>
            <file>file:/D:/EGG/full%20stack/guia%206/clase%205/EjerciciosAprendizajeGuia6/src/ejerciciosaprendizajeguia6/Ejercicio3.java</file>
            <file>file:/D:/EGG/full%20stack/guia%206/clase%205/EjerciciosAprendizajeGuia6/src/ejerciciosaprendizajeguia6/Ejercicio5.java</file>
        </group>
    </open-files>
</project-private>
